39.68284224666667, -75.75349843166667, '13:40:21'
39.682821493333336, -75.75349786333334, '13:40:22'
39.682800740000005, -75.753497295, '13:40:23'
39.682779986666674, -75.75349672666667, '13:40:24'
39.68275923333334, -75.75349615833333, '13:40:25'
39.68273848000001, -75.75349559, '13:40:26'
39.68271772666668, -75.75349502166667, '13:40:27'
39.68269697333335, -75.75349445333333, '13:40:28'
39.68267622000002, -75.753493885, '13:40:29'
39.68265546666669, -75.75349331666666, '13:40:30'
39.68263471333336, -75.75349274833333, '13:40:31'
39.682613960000026, -75.75349218, '13:40:32'
39.682593206666695, -75.75349161166666, '13:40:33'
39.682572453333364, -75.75349104333333, '13:40:34'
39.68255170000003, -75.75349047499999, '13:40:35'
39.6825309466667, -75.75348990666666, '13:40:36'
39.68251019333337, -75.75348933833332, '13:40:37'
39.68248944000004, -75.75348876999999, '13:40:38'
39.68246868666671, -75.75348820166666, '13:40:39'
39.68244793333338, -75.75348763333332, '13:40:40'
39.68242718000005, -75.75348706499999, '13:40:41'
39.68240642666672, -75.75348649666665, '13:40:42'
39.682385673333386, -75.75348592833332, '13:40:43'
39.682364920000055, -75.75348535999998, '13:40:44'
39.682344166666724, -75.75348479166665, '13:40:45'
39.68232341333339, -75.75348422333332, '13:40:46'
39.68230266000006, -75.75348365499998, '13:40:47'
39.68228190666673, -75.75348308666665, '13:40:48'
39.6822611533334, -75.75348251833331, '13:40:49'
39.68224040000007, -75.75348194999998, '13:40:50'
39.68221964666674, -75.75348138166665, '13:40:51'
39.68219889333341, -75.75348081333331, '13:40:52'
39.682178140000076, -75.75348024499998, '13:40:53'
39.682157386666745, -75.75347967666664, '13:40:54'
39.682136633333414, -75.75347910833331, '13:40:55'
39.68211588000008, -75.75347853999997, '13:40:56'
39.68209512666675, -75.75347797166664, '13:40:57'
39.68207437333342, -75.7534774033333, '13:40:58'
39.68205362000009, -75.75347683499997, '13:40:59'
39.68203286666676, -75.75347626666664, '13:41:00'
39.68201211333343, -75.7534756983333, '13:41:01'
39.6819913600001, -75.75347512999997, '13:41:02'
39.681970606666766, -75.75347456166664, '13:41:03'
39.681949853333435, -75.7534739933333, '13:41:04'
39.681929100000104, -75.75347342499997, '13:41:05'
39.68190834666677, -75.75347285666663, '13:41:06'
39.68188759333344, -75.7534722883333, '13:41:07'
39.68186684000011, -75.75347171999996, '13:41:08'
39.68184608666678, -75.75347115166663, '13:41:09'
39.68182533333345, -75.7534705833333, '13:41:10'
39.68180458000012, -75.75347001499996, '13:41:11'
39.68178382666679, -75.75346944666663, '13:41:12'
39.68176307333346, -75.7534688783333, '13:41:13'
39.681742320000126, -75.75346830999996, '13:41:14'
39.681721566666795, -75.75346774166663, '13:41:15'
39.681700813333464, -75.75346717333329, '13:41:16'
39.68168006000013, -75.75346660499996, '13:41:17'
39.6816593066668, -75.75346603666662, '13:41:18'
39.68163855333347, -75.75346546833329, '13:41:19'
39.68161780000014, -75.75346489999995, '13:41:20'
39.68159704666681, -75.75346433166662, '13:41:21'
39.68157629333348, -75.75346376333329, '13:41:22'
39.68155554000015, -75.75346319499995, '13:41:23'
39.681534786666816, -75.75346262666662, '13:41:24'
39.681514033333485, -75.75346205833328, '13:41:25'
39.681493280000154, -75.75346148999995, '13:41:26'
39.68147252666682, -75.75346092166662, '13:41:27'
39.68145177333349, -75.75346035333328, '13:41:28'
39.68143102000016, -75.75345978499995, '13:41:29'
39.68141026666683, -75.75345921666661, '13:41:30'
39.6813895133335, -75.75345864833328, '13:41:31'
39.68136876000017, -75.75345807999994, '13:41:32'
39.68134800666684, -75.75345751166661, '13:41:33'
39.68132725333351, -75.75345694333328, '13:41:34'
39.681306500000176, -75.75345637499994, '13:41:35'
39.681285746666845, -75.75345580666661, '13:41:36'
39.681264993333514, -75.75345523833327, '13:41:37'
39.68124424000018, -75.75345466999994, '13:41:38'
39.68122348666685, -75.7534541016666, '13:41:39'
39.68120273333352, -75.75345353333327, '13:41:40'
39.68118198000019, -75.75345296499994, '13:41:41'
39.68116122666686, -75.7534523966666, '13:41:42'
39.68114047333353, -75.75345182833327, '13:41:43'
39.6811197200002, -75.75345125999993, '13:41:44'
39.681098966666866, -75.7534506916666, '13:41:45'
39.681078213333535, -75.75345012333327, '13:41:46'
39.681057460000204, -75.75344955499993, '13:41:47'
39.68103670666687, -75.7534489866666, '13:41:48'
39.68101595333354, -75.75344841833326, '13:41:49'
39.68099520000021, -75.75344784999993, '13:41:50'
39.68097444666688, -75.7534472816666, '13:41:51'
39.68095369333355, -75.75344671333326, '13:41:52'
39.68093294000022, -75.75344614499993, '13:41:53'
39.68091218666689, -75.75344557666659, '13:41:54'
39.68089143333356, -75.75344500833326, '13:41:55'
39.680870680000226, -75.75344443999992, '13:41:56'
39.680849926666895, -75.75344387166659, '13:41:57'
39.680829173333564, -75.75344330333326, '13:41:58'
39.68080842000023, -75.75344273499992, '13:41:59'
39.6807876666669, -75.75344216666659, '13:42:00'
39.68076691333357, -75.75344159833325, '13:42:01'
39.68074616000024, -75.75344102999992, '13:42:02'
39.68072540666691, -75.75344046166659, '13:42:03'
39.68070465333358, -75.75343989333325, '13:42:04'
39.68068390000025, -75.75343932499992, '13:42:05'
39.680663146666916, -75.75343875666658, '13:42:06'
39.680642393333585, -75.75343818833325, '13:42:07'
39.680621640000254, -75.75343761999991, '13:42:08'
39.68060088666692, -75.75343705166658, '13:42:09'
39.68058013333359, -75.75343648333325, '13:42:10'
39.68055938000026, -75.75343591499991, '13:42:11'
39.68053862666693, -75.75343534666658, '13:42:12'
39.6805178733336, -75.75343477833324, '13:42:13'
39.68049712000027, -75.75343420999991, '13:42:14'
39.68047636666694, -75.75343364166658, '13:42:15'
39.680455613333606, -75.75343307333324, '13:42:16'
39.680434860000275, -75.7534325049999, '13:42:17'
39.680414106666944, -75.75343193666657, '13:42:18'
39.68039335333361, -75.75343136833324, '13:42:19'
39.68037260000028, -75.7534307999999, '13:42:20'
39.68035184666695, -75.75343023166657, '13:42:21'
39.68033109333362, -75.75342966333324, '13:42:22'
39.68031034000029, -75.7534290949999, '13:42:23'
39.68028958666696, -75.75342852666657, '13:42:24'
39.68026883333363, -75.75342795833323, '13:42:25'
39.6802480800003, -75.7534273899999, '13:42:26'
39.680227326666966, -75.75342682166657, '13:42:27'
39.680206573333635, -75.75342625333323, '13:42:28'
39.680185820000304, -75.7534256849999, '13:42:29'
39.68016506666697, -75.75342511666656, '13:42:30'
39.68014431333364, -75.75342454833323, '13:42:31'
39.68012356000031, -75.7534239799999, '13:42:32'
39.68010280666698, -75.75342341166656, '13:42:33'
39.68008205333365, -75.75342284333323, '13:42:34'
39.68006130000032, -75.75342227499989, '13:42:35'
39.68004054666699, -75.75342170666656, '13:42:36'
39.680019793333656, -75.75342113833322, '13:42:37'
39.679999040000325, -75.75342056999989, '13:42:38'
39.679978286666994, -75.75342000166656, '13:42:39'
39.67995753333366, -75.75341943333322, '13:42:40'
39.67993678000033, -75.75341886499989, '13:42:41'
39.679916026667, -75.75341829666655, '13:42:42'
39.67989527333367, -75.75341772833322, '13:42:43'
39.67987452000034, -75.75341715999988, '13:42:44'
39.67985376666701, -75.75341659166655, '13:42:45'
39.67983301333368, -75.75341602333322, '13:42:46'
39.67981226000035, -75.75341545499988, '13:42:47'
39.679791506667016, -75.75341488666655, '13:42:48'
39.679770753333685, -75.75341431833321, '13:42:49'
39.679750000000354, -75.75341374999988, '13:42:50'
39.67972924666702, -75.75341318166655, '13:42:51'
39.67970849333369, -75.75341261333321, '13:42:52'
39.67968774000036, -75.75341204499988, '13:42:53'
39.67966698666703, -75.75341147666654, '13:42:54'
39.6796462333337, -75.75341090833321, '13:42:55'
39.67962548000037, -75.75341033999987, '13:42:56'
39.67960472666704, -75.75340977166654, '13:42:57'
39.679583973333706, -75.7534092033332, '13:42:58'
39.679563220000375, -75.75340863499987, '13:42:59'
39.679542466667044, -75.75340806666654, '13:43:00'
39.67952171333371, -75.7534074983332, '13:43:01'
39.67950096000038, -75.75340692999987, '13:43:02'
39.67948020666705, -75.75340636166653, '13:43:03'
39.67945945333372, -75.7534057933332, '13:43:04'
39.67943870000039, -75.75340522499987, '13:43:05'
39.67941794666706, -75.75340465666653, '13:43:06'
39.67939719333373, -75.7534040883332, '13:43:07'
39.6793764400004, -75.75340351999986, '13:43:08'
39.679355686667066, -75.75340295166653, '13:43:09'
39.679334933333735, -75.7534023833332, '13:43:10'
39.679314180000404, -75.75340181499986, '13:43:11'
39.67929342666707, -75.75340124666653, '13:43:12'
39.67927267333374, -75.7534006783332, '13:43:13'
39.67925192000041, -75.75340010999986, '13:43:14'
39.67923116666708, -75.75339954166652, '13:43:15'
39.67921041333375, -75.75339897333319, '13:43:16'
39.67918966000042, -75.75339840499986, '13:43:17'
39.67916890666709, -75.75339783666652, '13:43:18'
39.679148153333756, -75.75339726833319, '13:43:19'
39.679127400000425, -75.75339669999985, '13:43:20'
39.679106646667094, -75.75339613166652, '13:43:21'
39.67908589333376, -75.75339556333319, '13:43:22'
39.67906514000043, -75.75339499499985, '13:43:23'
39.6790443866671, -75.75339442666652, '13:43:24'
39.67902363333377, -75.75339385833318, '13:43:25'
39.67900288000044, -75.75339328999985, '13:43:26'
39.67898212666711, -75.75339272166651, '13:43:27'
39.67896137333378, -75.75339215333318, '13:43:28'
39.678940620000446, -75.75339158499985, '13:43:29'
39.678919866667115, -75.75339101666651, '13:43:30'
39.678899113333784, -75.75339044833318, '13:43:31'
39.67887836000045, -75.75338987999984, '13:43:32'
39.67885760666712, -75.75338931166651, '13:43:33'
39.67883685333379, -75.75338874333318, '13:43:34'
39.67881610000046, -75.75338817499984, '13:43:35'
39.67879534666713, -75.75338760666651, '13:43:36'
39.6787745933338, -75.75338703833317, '13:43:37'
39.67875384000047, -75.75338646999984, '13:43:38'
39.67873308666714, -75.7533859016665, '13:43:39'
39.678712333333806, -75.75338533333317, '13:43:40'
39.678691580000475, -75.75338476499984, '13:43:41'
39.678670826667144, -75.7533841966665, '13:43:42'
39.67865007333381, -75.75338362833317, '13:43:43'
39.67862932000048, -75.75338305999983, '13:43:44'
39.67860856666715, -75.7533824916665, '13:43:45'
39.67858781333382, -75.75338192333317, '13:43:46'
39.67856706000049, -75.75338135499983, '13:43:47'
39.67854630666716, -75.7533807866665, '13:43:48'
39.67852555333383, -75.75338021833316, '13:43:49'
39.678504800000496, -75.75337964999983, '13:43:50'
39.678484046667165, -75.7533790816665, '13:43:51'
39.678463293333834, -75.75337851333316, '13:43:52'
39.6784425400005, -75.75337794499983, '13:43:53'
39.67842178666717, -75.75337737666649, '13:43:54'
39.67840103333384, -75.75337680833316, '13:43:55'
39.67838028000051, -75.75337623999982, '13:43:56'
39.67835952666718, -75.75337567166649, '13:43:57'
39.67833877333385, -75.75337510333316, '13:43:58'
39.67831802000052, -75.75337453499982, '13:43:59'
39.67829726666719, -75.75337396666649, '13:44:00'
39.678276513333856, -75.75337339833315, '13:44:01'
39.678255760000525, -75.75337282999982, '13:44:02'
39.678235006667194, -75.75337226166648, '13:44:03'
39.67821425333386, -75.75337169333315, '13:44:04'
39.67819350000053, -75.75337112499982, '13:44:05'
39.6781727466672, -75.75337055666648, '13:44:06'
39.67815199333387, -75.75336998833315, '13:44:07'
39.67813124000054, -75.75336941999981, '13:44:08'
39.67811048666721, -75.75336885166648, '13:44:09'
39.67808973333388, -75.75336828333315, '13:44:10'
39.678068980000546, -75.75336771499981, '13:44:11'
39.678048226667215, -75.75336714666648, '13:44:12'
39.678027473333884, -75.75336657833314, '13:44:13'
39.67800672000055, -75.75336600999981, '13:44:14'
39.67798596666722, -75.75336544166647, '13:44:15'
39.67796521333389, -75.75336487333314, '13:44:16'
39.67794446000056, -75.7533643049998, '13:44:17'
39.67792370666723, -75.75336373666647, '13:44:18'
39.6779029533339, -75.75336316833314, '13:44:19'
39.67788220000057, -75.7533625999998, '13:44:20'
39.67786144666724, -75.75336203166647, '13:44:21'
39.677840693333906, -75.75336146333314, '13:44:22'
39.677819940000575, -75.7533608949998, '13:44:23'
39.677799186667244, -75.75336032666647, '13:44:24'
39.67777843333391, -75.75335975833313, '13:44:25'
39.67775768000058, -75.7533591899998, '13:44:26'
39.67773692666725, -75.75335862166646, '13:44:27'
39.67771617333392, -75.75335805333313, '13:44:28'
39.67769542000059, -75.7533574849998, '13:44:29'
39.67767466666726, -75.75335691666646, '13:44:30'
39.67765391333393, -75.75335634833313, '13:44:31'
39.677633160000596, -75.7533557799998, '13:44:32'
39.677612406667265, -75.75335521166646, '13:44:33'
39.677591653333934, -75.75335464333313, '13:44:34'
39.6775709000006, -75.75335407499979, '13:44:35'
39.67755014666727, -75.75335350666646, '13:44:36'
39.67752939333394, -75.75335293833312, '13:44:37'
39.67750864000061, -75.75335236999979, '13:44:38'
39.67748788666728, -75.75335180166645, '13:44:39'
39.67746713333395, -75.75335123333312, '13:44:40'
39.67744638000062, -75.75335066499979, '13:44:41'
39.67742562666729, -75.75335009666645, '13:44:42'
39.677404873333955, -75.75334952833312, '13:44:43'
39.677384120000625, -75.75334895999978, '13:44:44'
39.677363366667294, -75.75334839166645, '13:44:45'
39.67734261333396, -75.75334782333312, '13:44:46'
39.67732186000063, -75.75334725499978, '13:44:47'
39.6773011066673, -75.75334668666645, '13:44:48'
39.67728035333397, -75.75334611833311, '13:44:49'
39.67725960000064, -75.75334554999978, '13:44:50'
39.67723884666731, -75.75334498166644, '13:44:51'
39.67721809333398, -75.75334441333311, '13:44:52'
39.677197340000646, -75.75334384499978, '13:44:53'
39.677176586667315, -75.75334327666644, '13:44:54'
39.677155833333984, -75.75334270833311, '13:44:55'
39.67713508000065, -75.75334213999977, '13:44:56'
39.67711432666732, -75.75334157166644, '13:44:57'
39.67709357333399, -75.7533410033331, '13:44:58'
39.67707282000066, -75.75334043499977, '13:44:59'
39.67705206666733, -75.75333986666644, '13:45:00'
39.677031313334, -75.7533392983331, '13:45:01'
39.67701056000067, -75.75333872999977, '13:45:02'
39.676989806667336, -75.75333816166643, '13:45:03'
39.676969053334005, -75.7533375933331, '13:45:04'
39.676948300000674, -75.75333702499977, '13:45:05'
39.67692754666734, -75.75333645666643, '13:45:06'
39.67690679333401, -75.7533358883331, '13:45:07'
39.67688604000068, -75.75333531999976, '13:45:08'
39.67686528666735, -75.75333475166643, '13:45:09'
39.67684453333402, -75.7533341833331, '13:45:10'
39.67682378000069, -75.75333361499976, '13:45:11'
39.67680302666736, -75.75333304666643, '13:45:12'
39.67678227333403, -75.75333247833309, '13:45:13'
39.676761520000696, -75.75333190999976, '13:45:14'
39.676740766667365, -75.75333134166642, '13:45:15'
39.676720013334034, -75.75333077333309, '13:45:16'
39.6766992600007, -75.75333020499976, '13:45:17'
39.67667850666737, -75.75332963666642, '13:45:18'
39.67665775333404, -75.75332906833309, '13:45:19'
39.67663700000071, -75.75332849999975, '13:45:20'
39.67661624666738, -75.75332793166642, '13:45:21'
39.67659549333405, -75.75332736333309, '13:45:22'
39.67657474000072, -75.75332679499975, '13:45:23'
39.676553986667386, -75.75332622666642, '13:45:24'
39.676533233334055, -75.75332565833308, '13:45:25'
39.676512480000724, -75.75332508999975, '13:45:26'
39.67649172666739, -75.75332452166641, '13:45:27'
39.67647097333406, -75.75332395333308, '13:45:28'
39.67645022000073, -75.75332338499975, '13:45:29'
39.6764294666674, -75.75332281666641, '13:45:30'
39.67640871333407, -75.75332224833308, '13:45:31'
39.67638796000074, -75.75332167999974, '13:45:32'
39.67636720666741, -75.75332111166641, '13:45:33'
39.67634645333408, -75.75332054333307, '13:45:34'
39.676325700000746, -75.75331997499974, '13:45:35'
39.676304946667415, -75.7533194066664, '13:45:36'
39.676284193334084, -75.75331883833307, '13:45:37'
39.67626344000075, -75.75331826999974, '13:45:38'
39.67624268666742, -75.7533177016664, '13:45:39'
39.67622193333409, -75.75331713333307, '13:45:40'
39.67620118000076, -75.75331656499974, '13:45:41'
39.67618042666743, -75.7533159966664, '13:45:42'
39.6761596733341, -75.75331542833307, '13:45:43'
39.67613892000077, -75.75331485999973, '13:45:44'
39.676118166667436, -75.7533142916664, '13:45:45'
39.676097413334105, -75.75331372333306, '13:45:46'
39.676076660000774, -75.75331315499973, '13:45:47'
39.67605590666744, -75.7533125866664, '13:45:48'
39.67603515333411, -75.75331201833306, '13:45:49'
39.67601440000078, -75.75331144999973, '13:45:50'
39.67599364666745, -75.7533108816664, '13:45:51'
39.67597289333412, -75.75331031333306, '13:45:52'
39.67595214000079, -75.75330974499973, '13:45:53'
39.67593138666746, -75.75330917666639, '13:45:54'
39.67591063333413, -75.75330860833306, '13:45:55'
39.675889880000796, -75.75330803999972, '13:45:56'
39.675869126667465, -75.75330747166639, '13:45:57'
39.675848373334134, -75.75330690333305, '13:45:58'
39.6758276200008, -75.75330633499972, '13:45:59'
39.67580686666747, -75.75330576666639, '13:46:00'
39.67578611333414, -75.75330519833305, '13:46:01'
39.67576536000081, -75.75330462999972, '13:46:02'
39.67574460666748, -75.75330406166638, '13:46:03'
39.67572385333415, -75.75330349333305, '13:46:04'
39.67570310000082, -75.75330292499972, '13:46:05'
39.675682346667486, -75.75330235666638, '13:46:06'
39.675661593334155, -75.75330178833305, '13:46:07'
39.675640840000824, -75.75330121999971, '13:46:08'
39.67562008666749, -75.75330065166638, '13:46:09'
39.67559933333416, -75.75330008333304, '13:46:10'
39.67557858000083, -75.75329951499971, '13:46:11'
39.6755578266675, -75.75329894666638, '13:46:12'
39.67553707333417, -75.75329837833304, '13:46:13'
39.67551632000084, -75.75329780999971, '13:46:14'
39.67549556666751, -75.75329724166637, '13:46:15'
39.675474813334176, -75.75329667333304, '13:46:16'
39.675454060000845, -75.7532961049997, '13:46:17'
39.675433306667514, -75.75329553666637, '13:46:18'
39.67541255333418, -75.75329496833304, '13:46:19'
39.67539180000085, -75.7532943999997, '13:46:20'
39.67537104666752, -75.75329383166637, '13:46:21'
39.67535029333419, -75.75329326333303, '13:46:22'
39.67532954000086, -75.7532926949997, '13:46:23'
39.67530878666753, -75.75329212666637, '13:46:24'
39.6752880333342, -75.75329155833303, '13:46:25'
39.67526728000087, -75.7532909899997, '13:46:26'
39.675246526667536, -75.75329042166636, '13:46:27'
39.675225773334205, -75.75328985333303, '13:46:28'
39.675205020000874, -75.7532892849997, '13:46:29'
39.67518426666754, -75.75328871666636, '13:46:30'
39.67516351333421, -75.75328814833303, '13:46:31'
39.67514276000088, -75.7532875799997, '13:46:32'
39.67512200666755, -75.75328701166636, '13:46:33'
39.67510125333422, -75.75328644333302, '13:46:34'
39.67508050000089, -75.75328587499969, '13:46:35'
39.67505974666756, -75.75328530666636, '13:46:36'
39.675038993334226, -75.75328473833302, '13:46:37'
39.675018240000895, -75.75328416999969, '13:46:38'
39.674997486667564, -75.75328360166635, '13:46:39'
39.67497673333423, -75.75328303333302, '13:46:40'
39.6749559800009, -75.75328246499969, '13:46:41'
39.67493522666757, -75.75328189666635, '13:46:42'
39.67491447333424, -75.75328132833302, '13:46:43'
39.67489372000091, -75.75328075999968, '13:46:44'
39.67487296666758, -75.75328019166635, '13:46:45'
39.67485221333425, -75.75327962333301, '13:46:46'
39.67483146000092, -75.75327905499968, '13:46:47'
39.674810706667586, -75.75327848666635, '13:46:48'
39.674789953334255, -75.75327791833301, '13:46:49'
39.674769200000924, -75.75327734999968, '13:46:50'
39.67474844666759, -75.75327678166634, '13:46:51'
39.67472769333426, -75.75327621333301, '13:46:52'
39.67470694000093, -75.75327564499968, '13:46:53'
39.6746861866676, -75.75327507666634, '13:46:54'
39.67466543333427, -75.753274508333, '13:46:55'
39.67464468000094, -75.75327393999967, '13:46:56'
39.67462392666761, -75.75327337166634, '13:46:57'
39.674603173334276, -75.753272803333, '13:46:58'
39.674582420000945, -75.75327223499967, '13:46:59'
39.674561666667614, -75.75327166666634, '13:47:00'
39.67454091333428, -75.753271098333, '13:47:01'
39.67452016000095, -75.75327052999967, '13:47:02'
39.67449940666762, -75.75326996166633, '13:47:03'
39.67447865333429, -75.753269393333, '13:47:04'
39.67445790000096, -75.75326882499967, '13:47:05'
39.67443714666763, -75.75326825666633, '13:47:06'
39.6744163933343, -75.753267688333, '13:47:07'
39.67439564000097, -75.75326711999966, '13:47:08'
39.674374886667636, -75.75326655166633, '13:47:09'
39.674354133334305, -75.753265983333, '13:47:10'
39.674333380000974, -75.75326541499966, '13:47:11'
39.67431262666764, -75.75326484666633, '13:47:12'
39.67429187333431, -75.75326427833299, '13:47:13'
39.67427112000098, -75.75326370999966, '13:47:14'
39.67425036666765, -75.75326314166632, '13:47:15'
39.67422961333432, -75.75326257333299, '13:47:16'
39.67420886000099, -75.75326200499966, '13:47:17'
39.67418810666766, -75.75326143666632, '13:47:18'
39.674167353334326, -75.75326086833299, '13:47:19'
39.674146600000995, -75.75326029999965, '13:47:20'
39.674125846667664, -75.75325973166632, '13:47:21'
39.67410509333433, -75.75325916333298, '13:47:22'
39.674084340001, -75.75325859499965, '13:47:23'
39.67406358666767, -75.75325802666632, '13:47:24'
39.67404283333434, -75.75325745833298, '13:47:25'
39.67402208000101, -75.75325688999965, '13:47:26'
39.67400132666768, -75.75325632166631, '13:47:27'
39.67398057333435, -75.75325575333298, '13:47:28'
39.673959820001016, -75.75325518499965, '13:47:29'
39.673939066667685, -75.75325461666631, '13:47:30'
39.673918313334354, -75.75325404833298, '13:47:31'
39.67389756000102, -75.75325347999964, '13:47:32'
39.67387680666769, -75.75325291166631, '13:47:33'
39.67385605333436, -75.75325234333297, '13:47:34'
39.67383530000103, -75.75325177499964, '13:47:35'
39.6738145466677, -75.7532512066663, '13:47:36'
39.67379379333437, -75.75325063833297, '13:47:37'
39.67377304000104, -75.75325006999964, '13:47:38'
39.67375228666771, -75.7532495016663, '13:47:39'
39.673731533334376, -75.75324893333297, '13:47:40'
39.673710780001045, -75.75324836499964, '13:47:41'
39.673690026667714, -75.7532477966663, '13:47:42'
39.67366927333438, -75.75324722833297, '13:47:43'
39.67364852000105, -75.75324665999963, '13:47:44'
39.67362776666772, -75.7532460916663, '13:47:45'
39.67360701333439, -75.75324552333296, '13:47:46'
39.67358626000106, -75.75324495499963, '13:47:47'
39.67356550666773, -75.7532443866663, '13:47:48'
39.6735447533344, -75.75324381833296, '13:47:49'
39.673524000001066, -75.75324324999963, '13:47:50'
39.673503246667735, -75.7532426816663, '13:47:51'
39.673482493334404, -75.75324211333296, '13:47:52'
39.67346174000107, -75.75324154499963, '13:47:53'
39.67344098666774, -75.75324097666629, '13:47:54'
39.67342023333441, -75.75324040833296, '13:47:55'
39.67339948000108, -75.75323983999962, '13:47:56'
39.67337872666775, -75.75323927166629, '13:47:57'
39.67335797333442, -75.75323870333295, '13:47:58'
39.67333722000109, -75.75323813499962, '13:47:59'
39.67331646666776, -75.75323756666629, '13:48:00'
39.673295713334426, -75.75323699833295, '13:48:01'
39.673274960001095, -75.75323642999962, '13:48:02'
39.673254206667764, -75.75323586166628, '13:48:03'
39.67323345333443, -75.75323529333295, '13:48:04'
39.6732127000011, -75.75323472499961, '13:48:05'
39.67319194666777, -75.75323415666628, '13:48:06'
39.67317119333444, -75.75323358833295, '13:48:07'
39.67315044000111, -75.75323301999961, '13:48:08'
39.67312968666778, -75.75323245166628, '13:48:09'
39.67310893333445, -75.75323188333294, '13:48:10'
39.673088180001116, -75.75323131499961, '13:48:11'
39.673067426667785, -75.75323074666628, '13:48:12'
39.673046673334454, -75.75323017833294, '13:48:13'
39.67302592000112, -75.75322960999961, '13:48:14'
39.67300516666779, -75.75322904166627, '13:48:15'
39.67298441333446, -75.75322847333294, '13:48:16'
39.67296366000113, -75.7532279049996, '13:48:17'
39.6729429066678, -75.75322733666627, '13:48:18'
39.67292215333447, -75.75322676833294, '13:48:19'
39.67290140000114, -75.7532261999996, '13:48:20'
39.67288064666781, -75.75322563166627, '13:48:21'
39.672859893334476, -75.75322506333293, '13:48:22'
39.672839140001145, -75.7532244949996, '13:48:23'
39.672818386667814, -75.75322392666627, '13:48:24'
39.67279763333448, -75.75322335833293, '13:48:25'
39.67277688000115, -75.7532227899996, '13:48:26'
39.67275612666782, -75.75322222166626, '13:48:27'
39.67273537333449, -75.75322165333293, '13:48:28'
39.67271462000116, -75.7532210849996, '13:48:29'
39.67269386666783, -75.75322051666626, '13:48:30'
39.6726731133345, -75.75321994833293, '13:48:31'
39.672652360001166, -75.75321937999959, '13:48:32'
39.672631606667835, -75.75321881166626, '13:48:33'
39.672610853334504, -75.75321824333292, '13:48:34'
39.67259010000117, -75.75321767499959, '13:48:35'
39.67256934666784, -75.75321710666626, '13:48:36'
39.67254859333451, -75.75321653833292, '13:48:37'
39.67252784000118, -75.75321596999959, '13:48:38'
39.67250708666785, -75.75321540166625, '13:48:39'
39.67248633333452, -75.75321483333292, '13:48:40'
39.67246558000119, -75.75321426499958, '13:48:41'
39.672444826667856, -75.75321369666625, '13:48:42'
39.672424073334525, -75.75321312833292, '13:48:43'
39.672403320001195, -75.75321255999958, '13:48:44'
39.672382566667864, -75.75321199166625, '13:48:45'
39.67236181333453, -75.75321142333291, '13:48:46'
39.6723410600012, -75.75321085499958, '13:48:47'
39.67232030666787, -75.75321028666625, '13:48:48'
39.67229955333454, -75.75320971833291, '13:48:49'
39.67227880000121, -75.75320914999958, '13:48:50'
39.67225804666788, -75.75320858166624, '13:48:51'
39.67223729333455, -75.75320801333291, '13:48:52'
39.672216540001216, -75.75320744499957, '13:48:53'
39.672195786667885, -75.75320687666624, '13:48:54'
39.672175033334554, -75.7532063083329, '13:48:55'
39.67215428000122, -75.75320573999957, '13:48:56'
39.67213352666789, -75.75320517166624, '13:48:57'
39.67211277333456, -75.7532046033329, '13:48:58'
39.67209202000123, -75.75320403499957, '13:48:59'
39.6720712666679, -75.75320346666624, '13:49:00'
39.67205051333457, -75.7532028983329, '13:49:01'
39.67202976000124, -75.75320232999957, '13:49:02'
39.672009006667906, -75.75320176166623, '13:49:03'
39.671988253334575, -75.7532011933329, '13:49:04'
39.671967500001244, -75.75320062499956, '13:49:05'
39.67194674666791, -75.75320005666623, '13:49:06'
39.67192599333458, -75.7531994883329, '13:49:07'
39.67190524000125, -75.75319891999956, '13:49:08'
39.67188448666792, -75.75319835166623, '13:49:09'
39.67186373333459, -75.7531977833329, '13:49:10'
39.67184298000126, -75.75319721499956, '13:49:11'
39.67182222666793, -75.75319664666623, '13:49:12'
39.6718014733346, -75.75319607833289, '13:49:13'
39.671780720001266, -75.75319550999956, '13:49:14'
39.671759966667935, -75.75319494166622, '13:49:15'
39.671739213334604, -75.75319437333289, '13:49:16'
39.67171846000127, -75.75319380499955, '13:49:17'
39.67169770666794, -75.75319323666622, '13:49:18'
39.67167695333461, -75.75319266833289, '13:49:19'
39.67165620000128, -75.75319209999955, '13:49:20'
39.67163544666795, -75.75319153166622, '13:49:21'
39.67161469333462, -75.75319096333288, '13:49:22'
39.67159394000129, -75.75319039499955, '13:49:23'
39.671573186667956, -75.75318982666622, '13:49:24'
39.671552433334625, -75.75318925833288, '13:49:25'
39.671531680001294, -75.75318868999955, '13:49:26'
39.67151092666796, -75.75318812166621, '13:49:27'
39.67149017333463, -75.75318755333288, '13:49:28'
39.6714694200013, -75.75318698499954, '13:49:29'
39.67144866666797, -75.75318641666621, '13:49:30'
39.67142791333464, -75.75318584833288, '13:49:31'
39.67140716000131, -75.75318527999954, '13:49:32'
39.67138640666798, -75.75318471166621, '13:49:33'
39.67136565333465, -75.75318414333287, '13:49:34'
39.671344900001316, -75.75318357499954, '13:49:35'
39.671324146667985, -75.7531830066662, '13:49:36'
39.671303393334654, -75.75318243833287, '13:49:37'
39.67128264000132, -75.75318186999954, '13:49:38'
39.67126188666799, -75.7531813016662, '13:49:39'
39.67124113333466, -75.75318073333287, '13:49:40'
39.67122038000133, -75.75318016499953, '13:49:41'
39.671199626668, -75.7531795966662, '13:49:42'
39.67117887333467, -75.75317902833287, '13:49:43'
39.67115812000134, -75.75317845999953, '13:49:44'
39.671137366668006, -75.7531778916662, '13:49:45'
39.671116613334675, -75.75317732333286, '13:49:46'
39.671095860001344, -75.75317675499953, '13:49:47'
39.67107510666801, -75.7531761866662, '13:49:48'
39.67105435333468, -75.75317561833286, '13:49:49'
39.67103360000135, -75.75317504999953, '13:49:50'
39.67101284666802, -75.75317448166619, '13:49:51'
39.67099209333469, -75.75317391333286, '13:49:52'
39.67097134000136, -75.75317334499952, '13:49:53'
39.67095058666803, -75.75317277666619, '13:49:54'
39.6709298333347, -75.75317220833286, '13:49:55'
39.670909080001366, -75.75317163999952, '13:49:56'
39.670888326668035, -75.75317107166619, '13:49:57'
39.670867573334704, -75.75317050333285, '13:49:58'
39.67084682000137, -75.75316993499952, '13:49:59'
39.67082606666804, -75.75316936666619, '13:50:00'
39.67080531333471, -75.75316879833285, '13:50:01'
39.67078456000138, -75.75316822999952, '13:50:02'
39.67076380666805, -75.75316766166618, '13:50:03'
39.67074305333472, -75.75316709333285, '13:50:04'
39.67072230000139, -75.75316652499951, '13:50:05'
39.670701546668056, -75.75316595666618, '13:50:06'
39.670680793334725, -75.75316538833285, '13:50:07'
39.670660040001394, -75.75316481999951, '13:50:08'
39.67063928666806, -75.75316425166618, '13:50:09'
39.67061853333473, -75.75316368333284, '13:50:10'
39.6705977800014, -75.75316311499951, '13:50:11'
39.67057702666807, -75.75316254666618, '13:50:12'
39.67055627333474, -75.75316197833284, '13:50:13'
39.67053552000141, -75.7531614099995, '13:50:14'
39.67051476666808, -75.75316084166617, '13:50:15'
39.670494013334746, -75.75316027333284, '13:50:16'
39.670473260001415, -75.7531597049995, '13:50:17'
39.670452506668084, -75.75315913666617, '13:50:18'
39.67043175333475, -75.75315856833284, '13:50:19'
39.67041100000142, -75.7531579999995, '13:50:20'
39.67042295666667, -75.75311808666666, '13:50:21'
39.67043491333334, -75.75307817333332, '13:50:22'
39.670446870000006, -75.75303825999998, '13:50:23'
39.670458826666675, -75.75299834666664, '13:50:24'
39.67047078333334, -75.7529584333333, '13:50:25'
39.67048274000001, -75.75291851999997, '13:50:26'
39.67049469666668, -75.75287860666663, '13:50:27'
39.67050665333335, -75.75283869333329, '13:50:28'
39.670518610000016, -75.75279877999995, '13:50:29'
39.670530566666685, -75.75275886666661, '13:50:30'
39.67054252333335, -75.75271895333327, '13:50:31'
39.67055448000002, -75.75267903999993, '13:50:32'
39.67056643666669, -75.7526391266666, '13:50:33'
39.67057839333336, -75.75259921333326, '13:50:34'
39.670590350000026, -75.75255929999992, '13:50:35'
39.670602306666694, -75.75251938666658, '13:50:36'
39.67061426333336, -75.75247947333324, '13:50:37'
39.67062622000003, -75.7524395599999, '13:50:38'
39.6706381766667, -75.75239964666656, '13:50:39'
39.67065013333337, -75.75235973333322, '13:50:40'
39.670662090000036, -75.75231981999988, '13:50:41'
39.670674046666704, -75.75227990666654, '13:50:42'
39.67068600333337, -75.7522399933332, '13:50:43'
39.67069796000004, -75.75220007999987, '13:50:44'
39.67070991666671, -75.75216016666653, '13:50:45'
39.67072187333338, -75.75212025333319, '13:50:46'
39.670733830000046, -75.75208033999985, '13:50:47'
39.670745786666714, -75.75204042666651, '13:50:48'
39.67075774333338, -75.75200051333317, '13:50:49'
39.67076970000005, -75.75196059999983, '13:50:50'
39.67078165666672, -75.7519206866665, '13:50:51'
39.67079361333339, -75.75188077333316, '13:50:52'
39.670805570000056, -75.75184085999982, '13:50:53'
39.670817526666724, -75.75180094666648, '13:50:54'
39.67082948333339, -75.75176103333314, '13:50:55'
39.67084144000006, -75.7517211199998, '13:50:56'
39.67085339666673, -75.75168120666646, '13:50:57'
39.6708653533334, -75.75164129333312, '13:50:58'
39.670877310000066, -75.75160137999978, '13:50:59'
39.670889266666734, -75.75156146666644, '13:51:00'
39.6709012233334, -75.7515215533331, '13:51:01'
39.67091318000007, -75.75148163999977, '13:51:02'
39.67092513666674, -75.75144172666643, '13:51:03'
39.67093709333341, -75.75140181333309, '13:51:04'
39.670949050000075, -75.75136189999975, '13:51:05'
39.670961006666744, -75.75132198666641, '13:51:06'
39.67097296333341, -75.75128207333307, '13:51:07'
39.67098492000008, -75.75124215999973, '13:51:08'
39.67099687666675, -75.7512022466664, '13:51:09'
39.67100883333342, -75.75116233333306, '13:51:10'
39.671020790000085, -75.75112241999972, '13:51:11'
39.671032746666754, -75.75108250666638, '13:51:12'
39.67104470333342, -75.75104259333304, '13:51:13'
39.67105666000009, -75.7510026799997, '13:51:14'
39.67106861666676, -75.75096276666636, '13:51:15'
39.67108057333343, -75.75092285333302, '13:51:16'
39.671092530000095, -75.75088293999968, '13:51:17'
39.67110448666676, -75.75084302666635, '13:51:18'
39.67111644333343, -75.750803113333, '13:51:19'
39.6711284000001, -75.75076319999967, '13:51:20'
39.67114035666677, -75.75072328666633, '13:51:21'
39.67115231333344, -75.75068337333299, '13:51:22'
39.671164270000105, -75.75064345999965, '13:51:23'
39.67117622666677, -75.75060354666631, '13:51:24'
39.67118818333344, -75.75056363333297, '13:51:25'
39.67120014000011, -75.75052371999963, '13:51:26'
39.67121209666678, -75.7504838066663, '13:51:27'
39.67122405333345, -75.75044389333296, '13:51:28'
39.671236010000115, -75.75040397999962, '13:51:29'
39.67124796666678, -75.75036406666628, '13:51:30'
39.67125992333345, -75.75032415333294, '13:51:31'
39.67127188000012, -75.7502842399996, '13:51:32'
39.67128383666679, -75.75024432666626, '13:51:33'
39.67129579333346, -75.75020441333292, '13:51:34'
39.671307750000125, -75.75016449999958, '13:51:35'
39.67131970666679, -75.75012458666625, '13:51:36'
39.67133166333346, -75.7500846733329, '13:51:37'
39.67134362000013, -75.75004475999957, '13:51:38'
39.6713555766668, -75.75000484666623, '13:51:39'
39.671367533333466, -75.74996493333289, '13:51:40'
39.671379490000135, -75.74992501999955, '13:51:41'
39.6713914466668, -75.74988510666621, '13:51:42'
39.67140340333347, -75.74984519333287, '13:51:43'
39.67141536000014, -75.74980527999953, '13:51:44'
39.67142731666681, -75.7497653666662, '13:51:45'
39.671439273333476, -75.74972545333286, '13:51:46'
39.671451230000145, -75.74968553999952, '13:51:47'
39.67146318666681, -75.74964562666618, '13:51:48'
39.67147514333348, -75.74960571333284, '13:51:49'
39.67148710000015, -75.7495657999995, '13:51:50'
39.67149905666682, -75.74952588666616, '13:51:51'
39.671511013333486, -75.74948597333282, '13:51:52'
39.671522970000154, -75.74944605999949, '13:51:53'
39.67153492666682, -75.74940614666615, '13:51:54'
39.67154688333349, -75.74936623333281, '13:51:55'
39.67155884000016, -75.74932631999947, '13:51:56'
39.67157079666683, -75.74928640666613, '13:51:57'
39.671582753333496, -75.74924649333279, '13:51:58'
39.671594710000164, -75.74920657999945, '13:51:59'
39.67160666666683, -75.74916666666611, '13:52:00'
39.6716186233335, -75.74912675333277, '13:52:01'
39.67163058000017, -75.74908683999944, '13:52:02'
39.67164253666684, -75.7490469266661, '13:52:03'
39.671654493333506, -75.74900701333276, '13:52:04'
39.671666450000174, -75.74896709999942, '13:52:05'
39.67167840666684, -75.74892718666608, '13:52:06'
39.67169036333351, -75.74888727333274, '13:52:07'
39.67170232000018, -75.7488473599994, '13:52:08'
39.67171427666685, -75.74880744666606, '13:52:09'
39.671726233333516, -75.74876753333272, '13:52:10'
39.671738190000184, -75.74872761999939, '13:52:11'
39.67175014666685, -75.74868770666605, '13:52:12'
39.67176210333352, -75.74864779333271, '13:52:13'
39.67177406000019, -75.74860787999937, '13:52:14'
39.67178601666686, -75.74856796666603, '13:52:15'
39.671797973333526, -75.74852805333269, '13:52:16'
39.671809930000194, -75.74848813999935, '13:52:17'
39.67182188666686, -75.74844822666601, '13:52:18'
39.67183384333353, -75.74840831333267, '13:52:19'
39.6718458000002, -75.74836839999934, '13:52:20'
39.67185775666687, -75.748328486666, '13:52:21'
39.671869713333535, -75.74828857333266, '13:52:22'
39.671881670000204, -75.74824865999932, '13:52:23'
39.67189362666687, -75.74820874666598, '13:52:24'
39.67190558333354, -75.74816883333264, '13:52:25'
39.67191754000021, -75.7481289199993, '13:52:26'
39.67192949666688, -75.74808900666596, '13:52:27'
39.671941453333545, -75.74804909333263, '13:52:28'
39.671953410000214, -75.74800917999929, '13:52:29'
39.67196536666688, -75.74796926666595, '13:52:30'
39.67197732333355, -75.74792935333261, '13:52:31'
39.67198928000022, -75.74788943999927, '13:52:32'
39.67200123666689, -75.74784952666593, '13:52:33'
39.672013193333555, -75.74780961333259, '13:52:34'
39.67202515000022, -75.74776969999925, '13:52:35'
39.67203710666689, -75.74772978666591, '13:52:36'
39.67204906333356, -75.74768987333258, '13:52:37'
39.67206102000023, -75.74764995999924, '13:52:38'
39.6720729766669, -75.7476100466659, '13:52:39'
39.672084933333565, -75.74757013333256, '13:52:40'
39.67209689000023, -75.74753021999922, '13:52:41'
39.6721088466669, -75.74749030666588, '13:52:42'
39.67212080333357, -75.74745039333254, '13:52:43'
39.67213276000024, -75.7474104799992, '13:52:44'
39.67214471666691, -75.74737056666586, '13:52:45'
39.672156673333575, -75.74733065333253, '13:52:46'
39.67216863000024, -75.74729073999919, '13:52:47'
39.67218058666691, -75.74725082666585, '13:52:48'
39.67219254333358, -75.74721091333251, '13:52:49'
39.67220450000025, -75.74717099999917, '13:52:50'
39.672216456666916, -75.74713108666583, '13:52:51'
39.672228413333585, -75.74709117333249, '13:52:52'
39.67224037000025, -75.74705125999915, '13:52:53'
39.67225232666692, -75.74701134666581, '13:52:54'
39.67226428333359, -75.74697143333248, '13:52:55'
39.67227624000026, -75.74693151999914, '13:52:56'
39.672288196666926, -75.7468916066658, '13:52:57'
39.672300153333595, -75.74685169333246, '13:52:58'
39.67231211000026, -75.74681177999912, '13:52:59'
39.67232406666693, -75.74677186666578, '13:53:00'
39.6723360233336, -75.74673195333244, '13:53:01'
39.67234798000027, -75.7466920399991, '13:53:02'
39.672359936666936, -75.74665212666577, '13:53:03'
39.672371893333604, -75.74661221333243, '13:53:04'
39.67238385000027, -75.74657229999909, '13:53:05'
39.67239580666694, -75.74653238666575, '13:53:06'
39.67240776333361, -75.74649247333241, '13:53:07'
39.67241972000028, -75.74645255999907, '13:53:08'
39.672431676666946, -75.74641264666573, '13:53:09'
39.672443633333614, -75.7463727333324, '13:53:10'
39.67245559000028, -75.74633281999905, '13:53:11'
39.67246754666695, -75.74629290666572, '13:53:12'
39.67247950333362, -75.74625299333238, '13:53:13'
39.67249146000029, -75.74621307999904, '13:53:14'
39.672503416666956, -75.7461731666657, '13:53:15'
39.672515373333624, -75.74613325333236, '13:53:16'
39.67252733000029, -75.74609333999902, '13:53:17'
39.67253928666696, -75.74605342666568, '13:53:18'
39.67255124333363, -75.74601351333234, '13:53:19'
39.6725632000003, -75.745973599999, '13:53:20'
39.672575156666966, -75.74593368666567, '13:53:21'
39.672587113333634, -75.74589377333233, '13:53:22'
39.6725990700003, -75.74585385999899, '13:53:23'
39.67261102666697, -75.74581394666565, '13:53:24'
39.67262298333364, -75.74577403333231, '13:53:25'
39.67263494000031, -75.74573411999897, '13:53:26'
39.672646896666976, -75.74569420666563, '13:53:27'
39.672658853333644, -75.7456542933323, '13:53:28'
39.67267081000031, -75.74561437999895, '13:53:29'
39.67268276666698, -75.74557446666562, '13:53:30'
39.67269472333365, -75.74553455333228, '13:53:31'
39.67270668000032, -75.74549463999894, '13:53:32'
39.672718636666986, -75.7454547266656, '13:53:33'
39.672730593333654, -75.74541481333226, '13:53:34'
39.67274255000032, -75.74537489999892, '13:53:35'
39.67275450666699, -75.74533498666558, '13:53:36'
39.67276646333366, -75.74529507333224, '13:53:37'
39.67277842000033, -75.7452551599989, '13:53:38'
39.672790376666995, -75.74521524666557, '13:53:39'
39.672802333333664, -75.74517533333223, '13:53:40'
39.67281429000033, -75.74513541999889, '13:53:41'
39.672826246667, -75.74509550666555, '13:53:42'
39.67283820333367, -75.74505559333221, '13:53:43'
39.67285016000034, -75.74501567999887, '13:53:44'
39.672862116667005, -75.74497576666553, '13:53:45'
39.67287407333367, -75.7449358533322, '13:53:46'
39.67288603000034, -75.74489593999886, '13:53:47'
39.67289798666701, -75.74485602666552, '13:53:48'
39.67290994333368, -75.74481611333218, '13:53:49'
39.67292190000035, -75.74477619999884, '13:53:50'
39.672933856667015, -75.7447362866655, '13:53:51'
39.67294581333368, -75.74469637333216, '13:53:52'
39.67295777000035, -75.74465645999882, '13:53:53'
39.67296972666702, -75.74461654666548, '13:53:54'
39.67298168333369, -75.74457663333214, '13:53:55'
39.67299364000036, -75.7445367199988, '13:53:56'
39.673005596667025, -75.74449680666547, '13:53:57'
39.67301755333369, -75.74445689333213, '13:53:58'
39.67302951000036, -75.74441697999879, '13:53:59'
39.67304146666703, -75.74437706666545, '13:54:00'
39.6730534233337, -75.74433715333211, '13:54:01'
39.67306538000037, -75.74429723999877, '13:54:02'
39.673077336667035, -75.74425732666543, '13:54:03'
39.6730892933337, -75.7442174133321, '13:54:04'
39.67310125000037, -75.74417749999876, '13:54:05'
39.67311320666704, -75.74413758666542, '13:54:06'
39.67312516333371, -75.74409767333208, '13:54:07'
39.673137120000376, -75.74405775999874, '13:54:08'
39.673149076667045, -75.7440178466654, '13:54:09'
39.67316103333371, -75.74397793333206, '13:54:10'
39.67317299000038, -75.74393801999872, '13:54:11'
39.67318494666705, -75.74389810666538, '13:54:12'
39.67319690333372, -75.74385819333204, '13:54:13'
39.673208860000386, -75.7438182799987, '13:54:14'
39.673220816667055, -75.74377836666537, '13:54:15'
39.67323277333372, -75.74373845333203, '13:54:16'
39.67324473000039, -75.74369853999869, '13:54:17'
39.67325668666706, -75.74365862666535, '13:54:18'
39.67326864333373, -75.74361871333201, '13:54:19'
39.673280600000396, -75.74357879999867, '13:54:20'
39.673292556667064, -75.74353888666533, '13:54:21'
39.67330451333373, -75.743498973332, '13:54:22'
39.6733164700004, -75.74345905999866, '13:54:23'
39.67332842666707, -75.74341914666532, '13:54:24'
39.67334038333374, -75.74337923333198, '13:54:25'
39.673352340000406, -75.74333931999864, '13:54:26'
39.673364296667074, -75.7432994066653, '13:54:27'
39.67337625333374, -75.74325949333196, '13:54:28'
39.67338821000041, -75.74321957999862, '13:54:29'
39.67340016666708, -75.74317966666528, '13:54:30'
39.67341212333375, -75.74313975333195, '13:54:31'
39.673424080000416, -75.7430998399986, '13:54:32'
39.673436036667084, -75.74305992666527, '13:54:33'
39.67344799333375, -75.74302001333193, '13:54:34'
39.67345995000042, -75.74298009999859, '13:54:35'
39.67347190666709, -75.74294018666525, '13:54:36'
39.67348386333376, -75.74290027333191, '13:54:37'
39.673495820000426, -75.74286035999857, '13:54:38'
39.673507776667094, -75.74282044666523, '13:54:39'
39.67351973333376, -75.7427805333319, '13:54:40'
39.67353169000043, -75.74274061999856, '13:54:41'
39.6735436466671, -75.74270070666522, '13:54:42'
39.67355560333377, -75.74266079333188, '13:54:43'
39.673567560000436, -75.74262087999854, '13:54:44'
39.673579516667104, -75.7425809666652, '13:54:45'
39.67359147333377, -75.74254105333186, '13:54:46'
39.67360343000044, -75.74250113999852, '13:54:47'
39.67361538666711, -75.74246122666518, '13:54:48'
39.67362734333378, -75.74242131333185, '13:54:49'
39.673639300000445, -75.74238139999851, '13:54:50'
39.673651256667114, -75.74234148666517, '13:54:51'
39.67366321333378, -75.74230157333183, '13:54:52'
39.67367517000045, -75.74226165999849, '13:54:53'
39.67368712666712, -75.74222174666515, '13:54:54'
39.67369908333379, -75.74218183333181, '13:54:55'
39.673711040000455, -75.74214191999847, '13:54:56'
39.673722996667124, -75.74210200666514, '13:54:57'
39.67373495333379, -75.7420620933318, '13:54:58'
39.67374691000046, -75.74202217999846, '13:54:59'
39.67375886666713, -75.74198226666512, '13:55:00'
39.6737708233338, -75.74194235333178, '13:55:01'
39.673782780000465, -75.74190243999844, '13:55:02'
39.67379473666713, -75.7418625266651, '13:55:03'
39.6738066933338, -75.74182261333176, '13:55:04'
39.67381865000047, -75.74178269999842, '13:55:05'
39.67383060666714, -75.74174278666509, '13:55:06'
39.67384256333381, -75.74170287333175, '13:55:07'
39.673854520000475, -75.74166295999841, '13:55:08'
39.67386647666714, -75.74162304666507, '13:55:09'
39.67387843333381, -75.74158313333173, '13:55:10'
39.67389039000048, -75.74154321999839, '13:55:11'
39.67390234666715, -75.74150330666505, '13:55:12'
39.67391430333382, -75.74146339333171, '13:55:13'
39.673926260000485, -75.74142347999837, '13:55:14'
39.67393821666715, -75.74138356666504, '13:55:15'
39.67395017333382, -75.7413436533317, '13:55:16'
39.67396213000049, -75.74130373999836, '13:55:17'
39.67397408666716, -75.74126382666502, '13:55:18'
39.67398604333383, -75.74122391333168, '13:55:19'
39.673998000000495, -75.74118399999834, '13:55:20'
39.67400995666716, -75.741144086665, '13:55:21'
39.67402191333383, -75.74110417333166, '13:55:22'
39.6740338700005, -75.74106425999832, '13:55:23'
39.67404582666717, -75.74102434666499, '13:55:24'
39.674057783333836, -75.74098443333165, '13:55:25'
39.674069740000505, -75.74094451999831, '13:55:26'
39.67408169666717, -75.74090460666497, '13:55:27'
39.67409365333384, -75.74086469333163, '13:55:28'
39.67410561000051, -75.74082477999829, '13:55:29'
39.67411756666718, -75.74078486666495, '13:55:30'
39.674129523333846, -75.74074495333161, '13:55:31'
39.674141480000515, -75.74070503999828, '13:55:32'
39.67415343666718, -75.74066512666494, '13:55:33'
39.67416539333385, -75.7406252133316, '13:55:34'
39.67417735000052, -75.74058529999826, '13:55:35'
39.67418930666719, -75.74054538666492, '13:55:36'
39.674201263333856, -75.74050547333158, '13:55:37'
39.674213220000524, -75.74046555999824, '13:55:38'
39.67422517666719, -75.7404256466649, '13:55:39'
39.67423713333386, -75.74038573333156, '13:55:40'
39.67424909000053, -75.74034581999823, '13:55:41'
39.6742610466672, -75.74030590666489, '13:55:42'
39.674273003333866, -75.74026599333155, '13:55:43'
39.674284960000534, -75.74022607999821, '13:55:44'
39.6742969166672, -75.74018616666487, '13:55:45'
39.67430887333387, -75.74014625333153, '13:55:46'
39.67432083000054, -75.74010633999819, '13:55:47'
39.67433278666721, -75.74006642666485, '13:55:48'
39.674344743333876, -75.74002651333151, '13:55:49'
39.674356700000544, -75.73998659999818, '13:55:50'
39.67436865666721, -75.73994668666484, '13:55:51'
39.67438061333388, -75.7399067733315, '13:55:52'
39.67439257000055, -75.73986685999816, '13:55:53'
39.67440452666722, -75.73982694666482, '13:55:54'
39.674416483333886, -75.73978703333148, '13:55:55'
39.674428440000554, -75.73974711999814, '13:55:56'
39.67444039666722, -75.7397072066648, '13:55:57'
39.67445235333389, -75.73966729333146, '13:55:58'
39.67446431000056, -75.73962737999813, '13:55:59'
39.67447626666723, -75.73958746666479, '13:56:00'
39.674488223333896, -75.73954755333145, '13:56:01'
39.674500180000564, -75.73950763999811, '13:56:02'
39.67451213666723, -75.73946772666477, '13:56:03'
39.6745240933339, -75.73942781333143, '13:56:04'
39.67453605000057, -75.73938789999809, '13:56:05'
39.67454800666724, -75.73934798666475, '13:56:06'
39.674559963333905, -75.73930807333142, '13:56:07'
39.674571920000574, -75.73926815999808, '13:56:08'
39.67458387666724, -75.73922824666474, '13:56:09'
39.67459583333391, -75.7391883333314, '13:56:10'
39.67460779000058, -75.73914841999806, '13:56:11'
39.67461974666725, -75.73910850666472, '13:56:12'
39.674631703333915, -75.73906859333138, '13:56:13'
39.674643660000584, -75.73902867999804, '13:56:14'
39.67465561666725, -75.7389887666647, '13:56:15'
39.67466757333392, -75.73894885333137, '13:56:16'
39.67467953000059, -75.73890893999803, '13:56:17'
39.67469148666726, -75.73886902666469, '13:56:18'
39.674703443333925, -75.73882911333135, '13:56:19'
39.67471540000059, -75.73878919999801, '13:56:20'
39.67472735666726, -75.73874928666467, '13:56:21'
39.67473931333393, -75.73870937333133, '13:56:22'
39.6747512700006, -75.738669459998, '13:56:23'
39.67476322666727, -75.73862954666465, '13:56:24'
39.674775183333935, -75.73858963333132, '13:56:25'
39.6747871400006, -75.73854971999798, '13:56:26'
39.67479909666727, -75.73850980666464, '13:56:27'
39.67481105333394, -75.7384698933313, '13:56:28'
39.67482301000061, -75.73842997999796, '13:56:29'
39.67483496666728, -75.73839006666462, '13:56:30'
39.674846923333945, -75.73835015333128, '13:56:31'
39.67485888000061, -75.73831023999794, '13:56:32'
39.67487083666728, -75.7382703266646, '13:56:33'
39.67488279333395, -75.73823041333127, '13:56:34'
39.67489475000062, -75.73819049999793, '13:56:35'
39.67490670666729, -75.73815058666459, '13:56:36'
39.674918663333955, -75.73811067333125, '13:56:37'
39.67493062000062, -75.73807075999791, '13:56:38'
39.67494257666729, -75.73803084666457, '13:56:39'
39.67495453333396, -75.73799093333123, '13:56:40'
39.67496649000063, -75.7379510199979, '13:56:41'
39.674978446667296, -75.73791110666455, '13:56:42'
39.674990403333965, -75.73787119333122, '13:56:43'
39.67500236000063, -75.73783127999788, '13:56:44'
39.6750143166673, -75.73779136666454, '13:56:45'
39.67502627333397, -75.7377514533312, '13:56:46'
39.67503823000064, -75.73771153999786, '13:56:47'
39.675050186667306, -75.73767162666452, '13:56:48'
39.675062143333975, -75.73763171333118, '13:56:49'
39.67507410000064, -75.73759179999784, '13:56:50'
39.67508605666731, -75.7375518866645, '13:56:51'
39.67509801333398, -75.73751197333117, '13:56:52'
39.67510997000065, -75.73747205999783, '13:56:53'
39.675121926667316, -75.73743214666449, '13:56:54'
39.675133883333984, -75.73739223333115, '13:56:55'
39.67514584000065, -75.73735231999781, '13:56:56'
39.67515779666732, -75.73731240666447, '13:56:57'
39.67516975333399, -75.73727249333113, '13:56:58'
39.67518171000066, -75.7372325799978, '13:56:59'
39.675193666667326, -75.73719266666446, '13:57:00'
39.675205623333994, -75.73715275333112, '13:57:01'
39.67521758000066, -75.73711283999778, '13:57:02'
39.67522953666733, -75.73707292666444, '13:57:03'
39.675241493334, -75.7370330133311, '13:57:04'
39.67525345000067, -75.73699309999776, '13:57:05'
39.675265406667336, -75.73695318666442, '13:57:06'
39.675277363334004, -75.73691327333108, '13:57:07'
39.67528932000067, -75.73687335999774, '13:57:08'
39.67530127666734, -75.7368334466644, '13:57:09'
39.67531323333401, -75.73679353333107, '13:57:10'
39.67532519000068, -75.73675361999773, '13:57:11'
39.675337146667346, -75.73671370666439, '13:57:12'
39.675349103334014, -75.73667379333105, '13:57:13'
39.67536106000068, -75.73663387999771, '13:57:14'
39.67537301666735, -75.73659396666437, '13:57:15'
39.67538497333402, -75.73655405333103, '13:57:16'
39.67539693000069, -75.7365141399977, '13:57:17'
39.675408886667356, -75.73647422666436, '13:57:18'
39.675420843334024, -75.73643431333102, '13:57:19'
39.67543280000069, -75.73639439999768, '13:57:20'
39.67544475666736, -75.73635448666434, '13:57:21'
39.67545671333403, -75.736314573331, '13:57:22'
39.6754686700007, -75.73627465999766, '13:57:23'
39.675480626667365, -75.73623474666432, '13:57:24'
39.675492583334034, -75.73619483333098, '13:57:25'
39.6755045400007, -75.73615491999765, '13:57:26'
39.67551649666737, -75.7361150066643, '13:57:27'
39.67552845333404, -75.73607509333097, '13:57:28'
39.67554041000071, -75.73603517999763, '13:57:29'
39.675552366667375, -75.73599526666429, '13:57:30'
39.675564323334044, -75.73595535333095, '13:57:31'
39.67557628000071, -75.73591543999761, '13:57:32'
39.67558823666738, -75.73587552666427, '13:57:33'
39.67560019333405, -75.73583561333093, '13:57:34'
39.67561215000072, -75.7357956999976, '13:57:35'
39.675624106667385, -75.73575578666426, '13:57:36'
39.67563606333405, -75.73571587333092, '13:57:37'
39.67564802000072, -75.73567595999758, '13:57:38'
39.67565997666739, -75.73563604666424, '13:57:39'
39.67567193333406, -75.7355961333309, '13:57:40'
39.67568389000073, -75.73555621999756, '13:57:41'
39.675695846667395, -75.73551630666422, '13:57:42'
39.67570780333406, -75.73547639333088, '13:57:43'
39.67571976000073, -75.73543647999755, '13:57:44'
39.6757317166674, -75.7353965666642, '13:57:45'
39.67574367333407, -75.73535665333087, '13:57:46'
39.67575563000074, -75.73531673999753, '13:57:47'
39.675767586667405, -75.73527682666419, '13:57:48'
39.67577954333407, -75.73523691333085, '13:57:49'
39.67579150000074, -75.73519699999751, '13:57:50'
39.67580345666741, -75.73515708666417, '13:57:51'
39.67581541333408, -75.73511717333083, '13:57:52'
39.675827370000746, -75.7350772599975, '13:57:53'
39.675839326667415, -75.73503734666416, '13:57:54'
39.67585128333408, -75.73499743333082, '13:57:55'
39.67586324000075, -75.73495751999748, '13:57:56'
39.67587519666742, -75.73491760666414, '13:57:57'
39.67588715333409, -75.7348776933308, '13:57:58'
39.675899110000756, -75.73483777999746, '13:57:59'
39.675911066667425, -75.73479786666412, '13:58:00'
39.67592302333409, -75.73475795333079, '13:58:01'
39.67593498000076, -75.73471803999745, '13:58:02'
39.67594693666743, -75.73467812666411, '13:58:03'
39.6759588933341, -75.73463821333077, '13:58:04'
39.675970850000766, -75.73459829999743, '13:58:05'
39.675982806667434, -75.73455838666409, '13:58:06'
39.6759947633341, -75.73451847333075, '13:58:07'
39.67600672000077, -75.73447855999741, '13:58:08'
39.67601867666744, -75.73443864666407, '13:58:09'
39.67603063333411, -75.73439873333074, '13:58:10'
39.676042590000776, -75.7343588199974, '13:58:11'
39.676054546667444, -75.73431890666406, '13:58:12'
39.67606650333411, -75.73427899333072, '13:58:13'
39.67607846000078, -75.73423907999738, '13:58:14'
39.67609041666745, -75.73419916666404, '13:58:15'
39.67610237333412, -75.7341592533307, '13:58:16'
39.676114330000786, -75.73411933999736, '13:58:17'
39.676126286667454, -75.73407942666402, '13:58:18'
39.67613824333412, -75.73403951333069, '13:58:19'
39.67615020000079, -75.73399959999735, '13:58:20'
39.67616215666746, -75.73395968666401, '13:58:21'
39.67617411333413, -75.73391977333067, '13:58:22'
39.676186070000796, -75.73387985999733, '13:58:23'
39.676198026667464, -75.73383994666399, '13:58:24'
39.67620998333413, -75.73380003333065, '13:58:25'
39.6762219400008, -75.73376011999731, '13:58:26'
39.67623389666747, -75.73372020666397, '13:58:27'
39.67624585333414, -75.73368029333064, '13:58:28'
39.676257810000806, -75.7336403799973, '13:58:29'
39.676269766667474, -75.73360046666396, '13:58:30'
39.67628172333414, -75.73356055333062, '13:58:31'
39.67629368000081, -75.73352063999728, '13:58:32'
39.67630563666748, -75.73348072666394, '13:58:33'
39.67631759333415, -75.7334408133306, '13:58:34'
39.676329550000816, -75.73340089999726, '13:58:35'
39.676341506667484, -75.73336098666393, '13:58:36'
39.67635346333415, -75.73332107333059, '13:58:37'
39.67636542000082, -75.73328115999725, '13:58:38'
39.67637737666749, -75.73324124666391, '13:58:39'
39.67638933333416, -75.73320133333057, '13:58:40'
39.676401290000825, -75.73316141999723, '13:58:41'
39.676413246667494, -75.73312150666389, '13:58:42'
39.67642520333416, -75.73308159333055, '13:58:43'
39.67643716000083, -75.73304167999721, '13:58:44'
39.6764491166675, -75.73300176666388, '13:58:45'
39.67646107333417, -75.73296185333054, '13:58:46'
39.676473030000835, -75.7329219399972, '13:58:47'
39.676484986667504, -75.73288202666386, '13:58:48'
39.67649694333417, -75.73284211333052, '13:58:49'
39.67650890000084, -75.73280219999718, '13:58:50'
39.67652085666751, -75.73276228666384, '13:58:51'
39.67653281333418, -75.7327223733305, '13:58:52'
39.676544770000845, -75.73268245999716, '13:58:53'
39.67655672666751, -75.73264254666383, '13:58:54'
39.67656868333418, -75.73260263333049, '13:58:55'
39.67658064000085, -75.73256271999715, '13:58:56'
39.67659259666752, -75.73252280666381, '13:58:57'
39.67660455333419, -75.73248289333047, '13:58:58'
39.676616510000855, -75.73244297999713, '13:58:59'
39.67662846666752, -75.73240306666379, '13:59:00'
39.67664042333419, -75.73236315333045, '13:59:01'
39.67665238000086, -75.73232323999711, '13:59:02'
39.67666433666753, -75.73228332666378, '13:59:03'
39.6766762933342, -75.73224341333044, '13:59:04'
39.676688250000865, -75.7322034999971, '13:59:05'
39.67670020666753, -75.73216358666376, '13:59:06'
39.6767121633342, -75.73212367333042, '13:59:07'
39.67672412000087, -75.73208375999708, '13:59:08'
39.67673607666754, -75.73204384666374, '13:59:09'
39.676748033334206, -75.7320039333304, '13:59:10'
39.676759990000875, -75.73196401999706, '13:59:11'
39.67677194666754, -75.73192410666373, '13:59:12'
39.67678390333421, -75.73188419333039, '13:59:13'
39.67679586000088, -75.73184427999705, '13:59:14'
39.67680781666755, -75.73180436666371, '13:59:15'
39.676819773334216, -75.73176445333037, '13:59:16'
39.676831730000885, -75.73172453999703, '13:59:17'
39.67684368666755, -75.7316846266637, '13:59:18'
39.67685564333422, -75.73164471333035, '13:59:19'
39.67686760000089, -75.73160479999702, '13:59:20'
39.67687955666756, -75.73156488666368, '13:59:21'
39.676891513334226, -75.73152497333034, '13:59:22'
39.676903470000894, -75.731485059997, '13:59:23'
39.67691542666756, -75.73144514666366, '13:59:24'
39.67692738333423, -75.73140523333032, '13:59:25'
39.6769393400009, -75.73136531999698, '13:59:26'
39.67695129666757, -75.73132540666364, '13:59:27'
39.676963253334236, -75.7312854933303, '13:59:28'
39.676975210000904, -75.73124557999697, '13:59:29'
39.67698716666757, -75.73120566666363, '13:59:30'
39.67699912333424, -75.73116575333029, '13:59:31'
39.67701108000091, -75.73112583999695, '13:59:32'
39.67702303666758, -75.73108592666361, '13:59:33'
39.677034993334246, -75.73104601333027, '13:59:34'
39.677046950000914, -75.73100609999693, '13:59:35'
39.67705890666758, -75.7309661866636, '13:59:36'
39.67707086333425, -75.73092627333025, '13:59:37'
39.67708282000092, -75.73088635999692, '13:59:38'
39.67709477666759, -75.73084644666358, '13:59:39'
39.677106733334256, -75.73080653333024, '13:59:40'
39.677118690000924, -75.7307666199969, '13:59:41'
39.67713064666759, -75.73072670666356, '13:59:42'
39.67714260333426, -75.73068679333022, '13:59:43'
39.67715456000093, -75.73064687999688, '13:59:44'
39.6771665166676, -75.73060696666354, '13:59:45'
39.677178473334266, -75.7305670533302, '13:59:46'
39.677190430000934, -75.73052713999687, '13:59:47'
39.6772023866676, -75.73048722666353, '13:59:48'
39.67721434333427, -75.73044731333019, '13:59:49'
39.67722630000094, -75.73040739999685, '13:59:50'
39.67723825666761, -75.73036748666351, '13:59:51'
39.677250213334275, -75.73032757333017, '13:59:52'
39.677262170000944, -75.73028765999683, '13:59:53'
39.67727412666761, -75.7302477466635, '13:59:54'
39.67728608333428, -75.73020783333016, '13:59:55'
39.67729804000095, -75.73016791999682, '13:59:56'
39.67730999666762, -75.73012800666348, '13:59:57'
39.677321953334285, -75.73008809333014, '13:59:58'
39.677333910000954, -75.7300481799968, '13:59:59'
39.67734586666762, -75.73000826666346, '14:00:00'
39.67735782333429, -75.72996835333012, '14:00:01'
39.67736978000096, -75.72992843999678, '14:00:02'
39.67738173666763, -75.72988852666344, '14:00:03'
39.677393693334295, -75.7298486133301, '14:00:04'
39.67740565000096, -75.72980869999677, '14:00:05'
39.67741760666763, -75.72976878666343, '14:00:06'
39.6774295633343, -75.72972887333009, '14:00:07'
39.67744152000097, -75.72968895999675, '14:00:08'
39.67745347666764, -75.72964904666341, '14:00:09'
39.677465433334305, -75.72960913333007, '14:00:10'
39.67747739000097, -75.72956921999673, '14:00:11'
39.67748934666764, -75.7295293066634, '14:00:12'
39.67750130333431, -75.72948939333006, '14:00:13'
39.67751326000098, -75.72944947999672, '14:00:14'
39.67752521666765, -75.72940956666338, '14:00:15'
39.677537173334315, -75.72936965333004, '14:00:16'
39.67754913000098, -75.7293297399967, '14:00:17'
39.67756108666765, -75.72928982666336, '14:00:18'
39.67757304333432, -75.72924991333002, '14:00:19'
39.67758500000099, -75.72920999999668, '14:00:20'
